{
  "usuarios_auth": [
    {
      "correo": "admin@demo.com",
      "password": "123456",
      "rol": "admin",
      "perfilModelo": "Administradores",
      "perfilId": {
        "$oid": "66b8d9f00000000000000001"
      },
      "fecha_registro": {
        "$date": "2025-08-11T00:00:00Z"
      }
    },
    {
      "correo": "estudiante@demo.com",
      "password": "123456",
      "rol": "estudiante",
      "perfilModelo": "Estudiantes",
      "perfilId": {
        "$oid": "66b8d9f00000000000000002"
      },
      "fecha_registro": {
        "$date": "2025-08-11T00:00:00Z"
      }
    },
    {
      "correo": "profesor@demo.com",
      "password": "123456",
      "rol": "profesor",
      "perfilModelo": "Profesores",
      "perfilId": {
        "$oid": "66b8d9f00000000000000003"
      },
      "fecha_registro": {
        "$date": "2025-08-11T00:00:00Z"
      }
    },
    {
      "correo": "tutor@demo.com",
      "password": "123456",
      "rol": "tutor",
      "perfilModelo": "Tutores",
      "perfilId": {
        "$oid": "66b8d9f00000000000000004"
      },
      "fecha_registro": {
        "$date": "2025-08-11T00:00:00Z"
      }
    }
  ],
  "Administradores": [
    {
      "_id": {
        "$oid": "66b8d9f00000000000000001"
      },
      "nombre": "Admin General",
      "correo": "admin@demo.com",
      "activo": true,
      "fecha_registro": {
        "$date": "2025-08-11T00:00:00Z"
      }
    }
  ],
  "Estudiantes": [
    {
      "_id": {
        "$oid": "66b8d9f00000000000000002"
      },
      "nombre": "Estudiante Demo",
      "correo": "estudiante@demo.com",
      "carrera": "TI",
      "cuatrimestre": "III",
      "activo": true,
      "fecha_registro": {
        "$date": "2025-08-11T00:00:00Z"
      }
    }
  ],
  "Profesores": [
    {
      "_id": {
        "$oid": "66b8d9f00000000000000003"
      },
      "nombre": "Profesor Demo",
      "correo": "profesor@demo.com",
      "cursos_impartidos": [
        "MAT101"
      ],
      "departamento": "Matem\u00e1tica",
      "activo": true,
      "fecha_registro": {
        "$date": "2025-08-11T00:00:00Z"
      }
    }
  ],
  "Tutores": [
    {
      "_id": {
        "$oid": "66b8d9f00000000000000004"
      },
      "nombre": "Tutor Demo",
      "correo": "tutor@demo.com",
      "especialidades": [
        "F\u00edsica"
      ],
      "disponibilidad": [
        "Lun 8-10"
      ],
      "activo": true,
      "fecha_registro": {
        "$date": "2025-08-11T00:00:00Z"
      }
    }
  ]
}